./dosubm T16_NEOP T16.neop
./dosubm T17_FURAN T17.furan
./dosubm T18_NAPHTALENE T18.naphtalene
./dosubm T19_DIFLNAPH T19.diflnaph
./dosubm T20_HYDRO T20.hydro
./dosubm T21_ACH T21.ach
./dosubm T22_ACAN T22.acan
./dosubm T23_BEND T23.bend
./dosubm T24_PTER T24.pter
./dosubm T25_DIFU T25.difu
./dosubm T26_MESI T26.mesi
./dosubm T27_HIS T27.his
./dosubm T28_DIM T28.dim
./dosubm T29_CAFFEINE T11.caffeine
./dosubm T30_MEN T30.men
./dosubm T31_ACTHCP T31.acthcp
./dosubm T32_HISHP T32.hishp
./dosubm T33_HYDRAZO T33.hydrazo
